982	updateDataBase
1013	Login
1042	addDataBase
1073	deleteDataBase
1088	getDataBases
1106	getDataBaseById
1128	getConnectionString
1147	GetPrivileges
1166	GetChildObjectPrivileges
1195	GetChildFieldsPrivileges
1374	getCSLAObjects
1392	getCSLAObjectById
1411	deleteCSLAObject
1426	addCSLAObject
1614	updateCSLAObject
1642	updateFieldsPrivilege
1670	getFieldsPrivileges
1688	getFieldsPrivilegeById
1707	deleteFieldsPrivilege
1722	addFieldsPrivilege
1753	addObjectPrivilege
1791	getObjectPrivileges
1812	getObjectPrivilegeById
1834	updateObjectPrivilege
1868	deleteObjectPrivilege
1883	deleteUser
1898	getUsers
1926	getUserById
1955	updateUser
2003	addUser
2064	deleteEmploye
2079	addEmploye
2128	getEmployes
2152	getEmployeById
2177	updateEmploye
2217	deleteRole
2232	getRoles
2248	getRoleById
2265	addRole
2290	updateRole
5142	SqlQueryNotificationStoredProcedure-614ab11f-bbd3-4587-892b-5fb5cafa325c
5320	SqlQueryNotificationStoredProcedure-370dcb25-bd83-4d4e-afc8-10062a352d13
6072	SqlQueryNotificationStoredProcedure-a6108f14-fb5f-4f8d-a826-4e47e94e5be4
6142	SqlQueryNotificationStoredProcedure-a3afa0ab-08ec-4047-b605-a96644d4aa4c
6149	SqlQueryNotificationStoredProcedure-99e5de0d-5d5f-47e0-9162-dc971b750168
6156	SqlQueryNotificationStoredProcedure-2bb92228-0840-4c1d-9529-4595568ecd2e
6270	SqlQueryNotificationStoredProcedure-0bcda15c-9ca4-4534-b39d-65e778735041
8605	deleteDocumentAttachment
9013	updateCustomerVehicleRelationsHistor
9214	SqlQueryNotificationStoredProcedure-82274b07-9757-4861-aec4-be560eae2cca
9245	SqlQueryNotificationStoredProcedure-bc3d2d69-378e-4ae7-a2d9-f55d9100f568
9304	SqlQueryNotificationStoredProcedure-1f25935b-aa2e-4812-9ec1-d3856e80ccf8
9313	getCustomerVehicleRelationsHistory
9328	SqlQueryNotificationStoredProcedure-375d0294-07fd-48fa-89e5-18e6b9220807
9337	getCustomerVehicleRelationsHistorById
9355	addCustomerVehicleRelationsHistor
9404	SqlQueryNotificationStoredProcedure-2c4598dd-1632-433c-ab27-39fac93eb6bf
9413	deleteCustomerVehicleRelationsHistor
9473	SqlQueryNotificationStoredProcedure-e7b2dcea-4f96-4602-8b58-64e1264f817d
9498	getDocumentAttachmentByIdDocument
12859	addVehicleTyre
12887	deleteVehicleTyre
12902	getVehicleTyreById
12918	getVehicleTyreByIdVehicle
12936	getVehicleTyres
12953	updateVehicleTyre
12979	updateVehicleDisabledField
13005	getVehicleDisabledFields
13022	getVehicleDisabledFieldById
13038	getVehicleDisabledFieldByIdCategory
13056	addVehicleDisabledField
13084	deleteVehicleDisabledField
13099	updateVehicleBetweenAxesDestination
13127	addVehicleBetweenAxesDestination
13158	deleteVehicleBetweenAxesDestination
13173	getVehicleBetweenAxesDestinationById
13192	getVehicleBetweenAxesDestinations
13208	getVehicleBetweenAxesDestinationByIdVehicle
13255	getVehicleCategoryPaymentsByCategoryAndBodytype
13315	getVehicleBodytypeCategoryForPay
13335	getVehicleBodytypeCategoryForPayByIdCategory
13358	printTrafficLicenceById
13436	getPaymentCatalog
13487	printVehiclePivotReport
13523	printVehcile
13585	printPaymentDocumetnByIdDocumetn
13640	printCustomerVehiclePivotReportPrevOwners
13679	printPaymentDocumentByDate
13731	printPaymentDocument
13781	printCustomerVehiclePivotReportCurrentOwners
13822	printCustomerVehiclePivotReport
13860	GetPaymentDocumentForFiscalPrintByIdDocument
13889	printShortPivotPaymentDocumentByDate
14019	GetPaymentDocumentPrefix
14079	getVehicleAxis
14096	getVehicleAxiByIdVehicle
14116	getVehicleAxiById
14136	deleteVehicleAxi
14151	addVehicleAxi
14185	updateVehicleAxi
14215	deleteVehicleMaker
14230	addVehicleMaker
14261	PrintDocumentsTehnicalExamsReports
14305	getDocumentsTehnicalExamsReportsListByVallidTill
14335	getDocumentsTehnicalExamsReportsListVehicleRightOrNot
14367	PrintVehicleByIdWhiteRequest
14394	updateVehicleMaker
14422	PrintTrafficLicenceByIdVehicle
14466	printDocumentPermisionById
14504	getDocumentsTehnicalExamsReportsList
14535	getDocumentsTehnicalExamsReportsListBetweenDates
14581	getDocumentsRequestsWithoutTehnicalExam
14608	getDocumentsList
14632	depActiveDocuments
14657	getDocumentPermisionList
14701	getDocumentsTrafficLicencesList
14725	getVehiclesList
14755	getVehiclesListWithOwners
14781	depListOfIncorectTehnicalExams
14827	getVehiclesListOdjaveniVozila
14880	getVehicleModelsList
14895	getVehiclesListVozilaZaBel
14929	getVehicleEngineTypesByIdVehicleModel
14947	getVehicleEngineTypesList
14964	getVehicleMakerById
14983	getVehicleMakers
15004	depCustomerFinansicalState
15196	deleteVehicleGearBox
15211	addVehicleGearBox
15239	updateVehicleGearBox
15265	getVehicleGearBoxById
15283	getVehicleGearBox
15300	getVehicleModeById
15321	getVehicleModel
15341	deleteVehicleMode
15356	addVehicleMode
15393	updateVehicleMode
15506	getVehicleUseByCategoryAndBodytype
15542	getVehicleTireTypeById
15561	getVehicleTireTypeByIdVehicleModel
15582	getVehicleTireTypes
15602	getVehicleTireTypesByIdModel
15623	deleteVehicleTireType
15638	updateVehicleTireType
15670	addVehicleTireType
15707	updateVehicleEngineType
15743	addVehicleEngineType
15786	deleteVehicleEngineType
15801	getVehicleEngineTypeById
15824	getVehicleEngineTypes
15844	getVehicleCategoriesRelationById
15865	getVehicleCategoriesRelationByIdCategory
15886	getVehicleCategoriesRelations
15906	getVehicleBodytypeByIdCategory
15926	deleteVehicleCategoriesRelation
15941	addVehicleCategoriesRelation
15978	updateVehicleCategoriesRelation
16010	updateVehicleSupportin
16036	addVehicleSupportin
16064	deleteVehicleSupportin
16079	getVehicleSupportinById
16097	getVehicleSupporting
16114	addTehnicalExamOrganization
16145	updateTehnicalExamOrganization
16176	getDocumentsInternationalDriveingLicencesList
16196	getLastVehicleTehnicalExam
16224	deleteTehnicalExamOrganization
16242	printPlav
16313	PrintDocumentInternatiomalDriveingLicence
16345	printBel
16416	getTehnicalExamOrganizations
16434	getTehnicalExamOrganizationById
16456	printZelen
16521	getTehnicalExamOrganizationsBezMomentalnaStanica
16552	RequestPivotReport
16578	deleteVehicle
16593	PrintDocumentPermisionForCustomer
16616	PrintDocumentPermisionForCustomerByIdDocumentPermision
16642	TechnicalExamPivotReport
16668	CISTI_BAZA
16702	updateCustomerVehiclesRelationsByDocumentTypeOptionDetail
16748	updateCustomerVehiclesRelationsByDocumentTypeOption
16804	getDocumentsTrafficLicencesValid
16824	getValidDocumentsTrafficLicencesList
16843	getDocumentsNotEnded
16872	getCustomerFinancialStateByIdCustomerVehicleRelation
16896	getCustomerFinancialStateList
16920	getCustomerVehiclesRelationListByType
16954	NumOfVehiclesShellExists
16968	getVehicleById
17045	getVehicles
17121	addVehicle
17326	getVehiclesNotActive
17394	getCustomerVehiclesRelationsMinusTrafficLicence
17438	getCustomerVehiclesRelationsByVehicle
17470	getCustomerVehiclesRelationsByCustomer
17501	getCustomerVehiclesRelationsList
17531	updateVehicle
17675	getCustomerVehiclesRelationsListByCustomerVehicleAndType
17712	updateTehnicalExamVehiclePartsCategorie
17738	addTehnicalExamVehiclePartsCategorie
17766	deleteTehnicalExamVehiclePartsCategorie
17781	getTehnicalExamVehiclePartsCategories
17798	getTehnicalExamVehiclePartsCategorieById
17816	getTehnicalExamVehiclePartsListByIdCategory
17836	getTehnicalExamVehiclePartsList
17854	getTehnicalExamVehicleParts
17873	getTehnicalExamVehiclePartById
17893	deleteTehnicalExamVehiclePart
17908	addTehnicalExamVehiclePart
17942	updateTehnicalExamVehiclePart
18090	addVehicleRequiredField
18118	updateVehicleRequiredField
18144	getVehicleRequiredFields
18159	getVehicleRequiredFieldByIdCategory
18177	getVehicleRequiredFieldById
18195	deleteVehicleRequiredField
18210	getDocumentAttachments
18232	getDocumentAttachmentById
18255	updateDocumentAttachment
18291	addDocumentAttachment
18332	getDocumentAttachmentByIdCustomer
18353	getDocumentAttachmentByIdVehicle
18376	deleteStreet
18394	GetPaymentDocumentRataForFiscalPrintByIdRata
18421	getStreetById
18442	GetPaymentDocumentRataForFiscalPrintByIdDocument
18483	getStreets
18503	PrintCustomer
18540	printCustomerPivotReport
18563	PrintCustomerById
18588	getCustomersListByIsCompany
18630	getCustomersList
18672	addStreet
18700	updateStreet
18726	getCitiesCommunitiesCountriesList
18748	NumOfCustomerCountryShortNameExists
18762	NumOfCustomerCountryNameExists
18776	addCountrie
18807	updateCountrie
18835	deleteCountrie
18850	getCountries
18868	getCountrieById
18887	getDocumentsTrafficLicencesNumberByIdVehicle
18905	getDocumentsActiveTehnicalExamsReportByIdVehicle
18924	updateCustomerVehiclesRelation
18960	ProveriRelacijaSoVozilo
18979	getVehicleCurrentOwner
19003	getVehicleLastOwner
19022	getCustomerVehiclesRelationTypeByCustomerAndVehicle
19056	ExistsRelationCustomerOnly
19078	deleteCustomerVehiclesRelation
19093	getCustomerVehiclesRelationByType
19116	getCustomerVehiclesRelationIdByCustomerAndVehicle
19150	getCustomerVehiclesRelations
19172	getCustomerVehiclesRelationById
19198	existsCustomerVehicleRelation
19222	addCustomerVehiclesRelation
19265	addCommunitie
19296	updateCommunitie
19324	deleteCommunitie
19339	getCommunities
19357	getCommunitieById
19376	getDocumentTypesOptionsDetailById
19397	getDocumentTypesOptionsDetailByIdDocumentTypesOptions
19418	getDocumentTypesOptionsDetails
19438	updateDocumentTypesOptionsDetail
19470	deleteDocumentTypesOptionsDetail
19485	addDocumentTypesOptionsDetail
19522	addRequestVehicleOwnershipProof
19553	updateRequestVehicleOwnershipProof
19581	deleteRequest
19608	deleteRequestVehicleOwnershipProof
19621	getRequestVehicleOwnershipProofByIdRequest
19640	getRequestVehicleOwnershipProofById
19659	getRequestVehicleOwnershipProofs
19677	deleteColorsDetail
19692	getColorsDetailByIdColor
19711	getColorsDetails
19727	getColorsDetailById
19746	getColorsDetailsList
19766	addColorsDetail
19797	updateColorsDetail
19825	updateRequestPaymentProo
19853	addRequestPaymentProo
19884	getRequestPaymentProoById
19903	getRequestPaymentProof
19921	deleteRequestPaymentProo
19934	getRequestPaymentProoByIdRequest
19953	deleteColor
19968	getColors
19988	getColorById
20009	addColor
20046	updateColor
20078	deleteDocumentsTehnicalExamsReportsDetail
20093	addDocumentsTehnicalExamsReportsDetail
20142	getDocumentsTehnicalExamsReportsDetailById
20167	getDocumentsTehnicalExamsReportsDetailByIdTehnicalExamsReports
20194	getDocumentsTehnicalExamsReportsDetails
20218	updateDocumentsTehnicalExamsReportsDetail
20258	getRegistrationIssuerById
20275	getRegistrationIssuers
20289	getVehicleRegistrationByIdVehicleList
20316	updateRegistrationIssuer
20340	addRegistrationIssuer
20365	getVehicleRegistrationByIdList
20382	deleteRegistrationIssuer
20397	addCitie
20431	updateCitie
20461	getCitieById
20481	getCities
20500	deleteCitie
20513	getRequestTypeByIdRequestType
20543	getRequestTypes
20572	deleteRequestType
20587	getRequestTypeById
20617	updateRequestType
20667	addRequestType
20731	getCalculationItems
20750	getCalculationItemById
20770	updateCalculationItem
20800	addCalculationItem
20834	deleteCalculationItem
20849	getRequestById
20879	getRequestByIdTechnicalExamReport
20909	getRequests
20936	TehnicalExamPassed
20954	addRequest
21018	updateRequest
21068	getBusinessTypes
21085	getBusinessTypeById
21103	updateBusinessType
21129	addBusinessType
21157	deleteBusinessType
21339	updateAttachmentType
21363	addAttachmentType
21388	getAttachmentTypeById
21405	getAttachmentTypes
21421	deleteAttachmentType
21436	deleteDDVCatalo
21451	getDDVCatalog
21468	getDDVCataloById
21486	updateDDVCatalo
21512	addDDVCatalo
21587	getVehicleLastRegistration
21607	EndPreviosRegistrationsForVehicleId
21635	NumOfVehiclesRegistrationNumberExists
21649	getVehicleFirstRegistration
21695	getVahicleFirstRegistration
21793	updateCustomersContactPerson
21829	addCustomersContactPerson
21872	getCustomersContactPersons
21894	getCustomersContactPersonById
21917	getCustomersContactPersonByIdCustomer
21940	deleteCustomersContactPerson
21955	getCustomerVehiclesRelationTypesByIsCustomerOnly
21976	getCustomerVehiclesRelationTypes
21996	getCustomerVehiclesRelationTypeById
22017	updateCustomerVehiclesRelationType
22049	addCustomerVehiclesRelationType
22086	deleteCustomerVehiclesRelationType
22101	updateDocumentsTrafficLicenceSetEndDtae
22120	updateDocumentTypesOption
22154	addDocumentTypesOption
22194	getDocumentTypesOptionByIdDocumentTypes
22216	getDocumentTypesOptionById
22238	getDocumentTypesOptions
22259	deleteDocumentTypesOption
22274	getVehicleCategories
22298	getVehicleCategorieById
22323	updateVehicleCategorie
22363	addVehicleCategorie
22412	deleteVehicleCategorie
22427	deleteDocumentType
22442	addDocumentType
22482	updateDocumentType
22516	getDocumentTypeById
22538	getDocumentTypes
22559	updateVehicleBrake
22585	getVehicleBrakeById
22603	getVehicleBrakes
22620	addVehicleBrake
22648	deleteVehicleBrake
22663	deleteDocumentTypePrin
22678	addDocumentTypePrin
22703	updateDocumentTypePrin
22727	getDocumentTypePrint
22743	getDocumentTypePrinById
22760	getVehicleBodytypById
22779	getVehicleBodytype
22797	updateVehicleBodytyp
22825	addVehicleBodytyp
22856	deleteVehicleBodytyp
22871	addDocumentsTrafficLicencesExtension
22905	deleteDocumentsTrafficLicencesExtension
22920	getDocumentsTrafficLicencesExtensions
22939	getDocumentsTrafficLicencesExtensionById
22957	getDocumentsTrafficLicencesExtensionByIdTrafficLicence
22977	updateDocumentsTrafficLicencesExtension
23007	addPaymentItemParametar
23050	deletePaymentItemParametar
23065	getPaymentItemParametarById
23086	getPaymentItemParametarByIdPaymentItem
23109	getPaymentItemParametars
23131	updatePaymentItemParametar
23167	deleteDocumentsTrafficLicence
23182	addDocumentsTrafficLicence
23222	getDocumentsTrafficLicenceById
23244	getDocumentsTrafficLicences
23265	updateDocumentsTrafficLicence
23299	NumOfTrafficLicenceExists
23313	updateDocumentsTehnicalExamsReportsDetailsStatu
23337	getDocumentsTehnicalExamsReportsDetailsStatus
23353	getDocumentsTehnicalExamsReportsDetailsStatuById
23370	addDocumentsTehnicalExamsReportsDetailsStatu
23395	deleteDocumentsTehnicalExamsReportsDetailsStatu
23410	addDriveingLicenceCtegorie
23438	deleteDriveingLicenceCtegorie
23453	updateDriveingLicenceCtegorie
23479	getDriveingLicenceCtegorieById
23497	getDriveingLicenceCtegories
23514	getDogovorZaRati
23535	getDogovorZaRatById
23557	updateDogovorZaRat
23591	deleteDogovorZaRat
23606	addDogovorZaRat
23820	getDocumentVehicleOwnershipProoById
23837	getDocumentVehicleOwnershipProof
23853	updateDocumentVehicleOwnershipProo
23877	deleteDocumentVehicleOwnershipProo
23892	addDocumentVehicleOwnershipProo
23917	updateCustomerFinancialStat
23962	updatePaymentDocumentsDetailFinace
23982	insertFinancialStatePriceCatalogForTrafficLicences
24024	insertFinancialStatePriceCatalogForTehnicalExams
24077	insertFinancialStatePriceCatalogForRequests
24130	insertFinancialStatePriceCatalogForPermisions
24172	insertFinancialStatePriceCatalogForIternationalDriveingLicences
24214	addCustomerFinancialStatFromTehnicalExam
24244	addCustomerFinancialStatFromDocument
24274	addCustomerFinancialStat
24329	addPaymentDocumentsDetailFinace
24349	getCustomerFinancialState
24374	getCustomerFinancialStatById
24400	deleteCustomerFinancialStat
24415	deleteCustomerDept
24430	getCustomerById
24468	NumOfCustomerMBExists
24482	deleteCustomer
24497	updateCustomer
24563	addCustomer
24651	getCustomers
24688	deleteEngineTypeModelRelation
24703	addEngineTypeModelRelation
24731	getEngineTypeModelRelationById
24749	getEngineTypeModelRelations
24766	updateEngineTypeModelRelation
24790	getCustomersBankAccountByIdCustomer
24810	getCustomersBankAccountById
24830	getCustomersBankAccounts
24849	updateCustomersBankAccount
24879	addCustomersBankAccount
24913	deleteCustomersBankAccount
24928	deleteDocumentPaymentProo
24943	addDocumentPaymentProo
24968	updateDocumentPaymentProo
24992	getDocumentPaymentProoById
25009	getDocumentPaymentProof
25025	getDocumentsPermisionById
25052	getDocumentsPermisions
25078	addDocumentsPermision
25133	deleteDocumentsPermision
25148	updateDocumentsPermision
25195	existsPremision
25345	addPaymentItem
25376	updatePaymentItem
25404	getPaymentItems
25422	getPaymentItemById
25439	getPaymentItemByIdPymentCategory
25458	deletePaymentItem
25832	NumOfInternationLicenceExists
25846	updatePaymentDocumentsRat
25878	getPaymentDocumentsRatByIdPaymentDocument
25899	getPaymentDocumentsRata
25919	getPaymentDocumentsRatById
25940	deletePaymentDocumentsRat
25955	addPaymentDocumentsRat
25992	addVehicleEnginePowerSourceType
26017	deleteVehicleEnginePowerSourceType
26032	updateVehicleEnginePowerSourceType
26056	getVehicleEnginePowerSourceTypes
26072	getVehicleEnginePowerSourceTypeById
26089	updatePaymentDocumentsDetail
26127	addPaymentDocumentsDetail
26173	deletePaymentDocumentsDetail
26188	getPaymentDocumentsDetails
26211	getPaymentDocumentsDetailById
26235	getPaymentDocumentsDetailByIdPaymentDocuments
26377	updatePriceCatalog
26415	addPriceCatalog
26461	deletePriceCatalog
26476	getPriceCatalog
26499	getPriceCatalogForInernationalDriveingLicences
26522	getPriceCatalogForTrafficLicences
26545	getPriceCatalogForPermisionForVehicles
26568	getPriceCatalogById
26592	getPriceCatalogForTehnicalExams
26615	getPriceCatalogForRequests
