SEC	982	updateDataBase
SEC	1013	Login
SEC	1042	addDataBase
SEC	1073	deleteDataBase
SEC	1088	getDataBases
SEC	1106	getDataBaseById
SEC	1128	getConnectionString
SEC	1147	GetPrivileges
SEC	1166	GetChildObjectPrivileges
SEC	1195	GetChildFieldsPrivileges
SEC	1374	getCSLAObjects
SEC	1392	getCSLAObjectById
SEC	1411	deleteCSLAObject
SEC	1426	addCSLAObject
SEC	1614	updateCSLAObject
SEC	1642	updateFieldsPrivilege
SEC	1670	getFieldsPrivileges
SEC	1688	getFieldsPrivilegeById
SEC	1707	deleteFieldsPrivilege
SEC	1722	addFieldsPrivilege
SEC	1753	addObjectPrivilege
SEC	1791	getObjectPrivileges
SEC	1812	getObjectPrivilegeById
SEC	1834	updateObjectPrivilege
SEC	1868	deleteObjectPrivilege
SEC	1883	deleteUser
SEC	1898	getUsers
SEC	1926	getUserById
SEC	1955	updateUser
SEC	2003	addUser
SEC	2064	deleteEmploye
SEC	2079	addEmploye
SEC	2128	getEmployes
SEC	2152	getEmployeById
SEC	2177	updateEmploye
SEC	2217	deleteRole
SEC	2232	getRoles
SEC	2248	getRoleById
SEC	2265	addRole
SEC	2290	updateRole
INF-INFRA	5142	SqlQueryNotificationStoredProcedure-614ab11f-bbd3-4587-892b-5fb5cafa325c
INF-INFRA	5320	SqlQueryNotificationStoredProcedure-370dcb25-bd83-4d4e-afc8-10062a352d13
INF-INFRA	6072	SqlQueryNotificationStoredProcedure-a6108f14-fb5f-4f8d-a826-4e47e94e5be4
INF-INFRA	6142	SqlQueryNotificationStoredProcedure-a3afa0ab-08ec-4047-b605-a96644d4aa4c
INF-INFRA	6149	SqlQueryNotificationStoredProcedure-99e5de0d-5d5f-47e0-9162-dc971b750168
INF-INFRA	6156	SqlQueryNotificationStoredProcedure-2bb92228-0840-4c1d-9529-4595568ecd2e
INF-INFRA	6270	SqlQueryNotificationStoredProcedure-0bcda15c-9ca4-4534-b39d-65e778735041
ATT	8605	deleteDocumentAttachment
VEH	9013	updateCustomerVehicleRelationsHistor
INF-INFRA	9214	SqlQueryNotificationStoredProcedure-82274b07-9757-4861-aec4-be560eae2cca
INF-INFRA	9245	SqlQueryNotificationStoredProcedure-bc3d2d69-378e-4ae7-a2d9-f55d9100f568
INF-INFRA	9304	SqlQueryNotificationStoredProcedure-1f25935b-aa2e-4812-9ec1-d3856e80ccf8
VEH	9313	getCustomerVehicleRelationsHistory
INF-INFRA	9328	SqlQueryNotificationStoredProcedure-375d0294-07fd-48fa-89e5-18e6b9220807
VEH	9337	getCustomerVehicleRelationsHistorById
VEH	9355	addCustomerVehicleRelationsHistor
INF-INFRA	9404	SqlQueryNotificationStoredProcedure-2c4598dd-1632-433c-ab27-39fac93eb6bf
VEH	9413	deleteCustomerVehicleRelationsHistor
INF-INFRA	9473	SqlQueryNotificationStoredProcedure-e7b2dcea-4f96-4602-8b58-64e1264f817d
ATT	9498	getDocumentAttachmentByIdDocument
VEH	12859	addVehicleTyre
VEH	12887	deleteVehicleTyre
VEH	12902	getVehicleTyreById
VEH	12918	getVehicleTyreByIdVehicle
VEH	12936	getVehicleTyres
VEH	12953	updateVehicleTyre
REF	12979	updateVehicleDisabledField
REF	13005	getVehicleDisabledFields
REF	13022	getVehicleDisabledFieldById
REF	13038	getVehicleDisabledFieldByIdCategory
REF	13056	addVehicleDisabledField
REF	13084	deleteVehicleDisabledField
VEH	13099	updateVehicleBetweenAxesDestination
VEH	13127	addVehicleBetweenAxesDestination
VEH	13158	deleteVehicleBetweenAxesDestination
VEH	13173	getVehicleBetweenAxesDestinationById
VEH	13192	getVehicleBetweenAxesDestinations
VEH	13208	getVehicleBetweenAxesDestinationByIdVehicle
REF	13255	getVehicleCategoryPaymentsByCategoryAndBodytype
REF	13315	getVehicleBodytypeCategoryForPay
REF	13335	getVehicleBodytypeCategoryForPayByIdCategory
DOC	13358	printTrafficLicenceById
PAY	13436	getPaymentCatalog
DOC	13487	printVehiclePivotReport
DOC	13523	printVehcile
PAY	13585	printPaymentDocumetnByIdDocumetn
RPT	13640	printCustomerVehiclePivotReportPrevOwners
PAY	13679	printPaymentDocumentByDate
PAY	13731	printPaymentDocument
RPT	13781	printCustomerVehiclePivotReportCurrentOwners
RPT	13822	printCustomerVehiclePivotReport
PAY	13860	GetPaymentDocumentForFiscalPrintByIdDocument
PAY	13889	printShortPivotPaymentDocumentByDate
PAY	14019	GetPaymentDocumentPrefix
VEH	14079	getVehicleAxis
VEH	14096	getVehicleAxiByIdVehicle
VEH	14116	getVehicleAxiById
VEH	14136	deleteVehicleAxi
VEH	14151	addVehicleAxi
VEH	14185	updateVehicleAxi
REF	14215	deleteVehicleMaker
REF	14230	addVehicleMaker
REF	14261	PrintDocumentsTehnicalExamsReports
REF	14305	getDocumentsTehnicalExamsReportsListByVallidTill
REF	14335	getDocumentsTehnicalExamsReportsListVehicleRightOrNot
DOC	14367	PrintVehicleByIdWhiteRequest
REF	14394	updateVehicleMaker
DOC	14422	PrintTrafficLicenceByIdVehicle
DOC	14466	printDocumentPermisionById
REF	14504	getDocumentsTehnicalExamsReportsList
REF	14535	getDocumentsTehnicalExamsReportsListBetweenDates
REF	14581	getDocumentsRequestsWithoutTehnicalExam
DOC	14608	getDocumentsList
DOC	14632	depActiveDocuments
DOC	14657	getDocumentPermisionList
DOC	14701	getDocumentsTrafficLicencesList
VEH	14725	getVehiclesList
VEH	14755	getVehiclesListWithOwners
REF	14781	depListOfIncorectTehnicalExams
VEH	14827	getVehiclesListOdjaveniVozila
REF	14880	getVehicleModelsList
VEH	14895	getVehiclesListVozilaZaBel
REF	14929	getVehicleEngineTypesByIdVehicleModel
REF	14947	getVehicleEngineTypesList
REF	14964	getVehicleMakerById
REF	14983	getVehicleMakers
CUS	15004	depCustomerFinansicalState
REF	15196	deleteVehicleGearBox
REF	15211	addVehicleGearBox
REF	15239	updateVehicleGearBox
REF	15265	getVehicleGearBoxById
REF	15283	getVehicleGearBox
VEH	15300	getVehicleModeById
REF	15321	getVehicleModel
VEH	15341	deleteVehicleMode
VEH	15356	addVehicleMode
VEH	15393	updateVehicleMode
REF	15506	getVehicleUseByCategoryAndBodytype
REF	15542	getVehicleTireTypeById
REF	15561	getVehicleTireTypeByIdVehicleModel
REF	15582	getVehicleTireTypes
REF	15602	getVehicleTireTypesByIdModel
REF	15623	deleteVehicleTireType
REF	15638	updateVehicleTireType
REF	15670	addVehicleTireType
REF	15707	updateVehicleEngineType
REF	15743	addVehicleEngineType
REF	15786	deleteVehicleEngineType
REF	15801	getVehicleEngineTypeById
REF	15824	getVehicleEngineTypes
REF	15844	getVehicleCategoriesRelationById
REF	15865	getVehicleCategoriesRelationByIdCategory
REF	15886	getVehicleCategoriesRelations
REF	15906	getVehicleBodytypeByIdCategory
REF	15926	deleteVehicleCategoriesRelation
REF	15941	addVehicleCategoriesRelation
REF	15978	updateVehicleCategoriesRelation
VEH	16010	updateVehicleSupportin
VEH	16036	addVehicleSupportin
VEH	16064	deleteVehicleSupportin
VEH	16079	getVehicleSupportinById
REF	16097	getVehicleSupporting
REF	16114	addTehnicalExamOrganization
REF	16145	updateTehnicalExamOrganization
REF	16176	getDocumentsInternationalDriveingLicencesList
REF	16196	getLastVehicleTehnicalExam
REF	16224	deleteTehnicalExamOrganization
REQ	16242	printPlav
REF	16313	PrintDocumentInternatiomalDriveingLicence
REQ	16345	printBel
REF	16416	getTehnicalExamOrganizations
REF	16434	getTehnicalExamOrganizationById
REQ	16456	printZelen
REF	16521	getTehnicalExamOrganizationsBezMomentalnaStanica
RPT	16552	RequestPivotReport
VEH	16578	deleteVehicle
DOC	16593	PrintDocumentPermisionForCustomer
DOC	16616	PrintDocumentPermisionForCustomerByIdDocumentPermision
RPT	16642	TechnicalExamPivotReport
INF-INFRA	16668	CISTI_BAZA
REF	16702	updateCustomerVehiclesRelationsByDocumentTypeOptionDetail
REF	16748	updateCustomerVehiclesRelationsByDocumentTypeOption
DOC	16804	getDocumentsTrafficLicencesValid
DOC	16824	getValidDocumentsTrafficLicencesList
DOC	16843	getDocumentsNotEnded
VEH	16872	getCustomerFinancialStateByIdCustomerVehicleRelation
CUS	16896	getCustomerFinancialStateList
VEH	16920	getCustomerVehiclesRelationListByType
VEH	16954	NumOfVehiclesShellExists
VEH	16968	getVehicleById
VEH	17045	getVehicles
VEH	17121	addVehicle
VEH	17326	getVehiclesNotActive
DOC	17394	getCustomerVehiclesRelationsMinusTrafficLicence
VEH	17438	getCustomerVehiclesRelationsByVehicle
VEH	17470	getCustomerVehiclesRelationsByCustomer
VEH	17501	getCustomerVehiclesRelationsList
VEH	17531	updateVehicle
VEH	17675	getCustomerVehiclesRelationsListByCustomerVehicleAndType
REF	17712	updateTehnicalExamVehiclePartsCategorie
REF	17738	addTehnicalExamVehiclePartsCategorie
REF	17766	deleteTehnicalExamVehiclePartsCategorie
REF	17781	getTehnicalExamVehiclePartsCategories
REF	17798	getTehnicalExamVehiclePartsCategorieById
REF	17816	getTehnicalExamVehiclePartsListByIdCategory
REF	17836	getTehnicalExamVehiclePartsList
REF	17854	getTehnicalExamVehicleParts
REF	17873	getTehnicalExamVehiclePartById
REF	17893	deleteTehnicalExamVehiclePart
REF	17908	addTehnicalExamVehiclePart
REF	17942	updateTehnicalExamVehiclePart
REF	18090	addVehicleRequiredField
REF	18118	updateVehicleRequiredField
REF	18144	getVehicleRequiredFields
REF	18159	getVehicleRequiredFieldByIdCategory
REF	18177	getVehicleRequiredFieldById
REF	18195	deleteVehicleRequiredField
ATT	18210	getDocumentAttachments
ATT	18232	getDocumentAttachmentById
ATT	18255	updateDocumentAttachment
ATT	18291	addDocumentAttachment
ATT	18332	getDocumentAttachmentByIdCustomer
ATT	18353	getDocumentAttachmentByIdVehicle
REF	18376	deleteStreet
PAY	18394	GetPaymentDocumentRataForFiscalPrintByIdRata
REF	18421	getStreetById
PAY	18442	GetPaymentDocumentRataForFiscalPrintByIdDocument
REF	18483	getStreets
CUS	18503	PrintCustomer
RPT	18540	printCustomerPivotReport
CUS	18563	PrintCustomerById
CUS	18588	getCustomersListByIsCompany
CUS	18630	getCustomersList
REF	18672	addStreet
REF	18700	updateStreet
REF	18726	getCitiesCommunitiesCountriesList
REF	18748	NumOfCustomerCountryShortNameExists
REF	18762	NumOfCustomerCountryNameExists
REF	18776	addCountrie
REF	18807	updateCountrie
REF	18835	deleteCountrie
REF	18850	getCountries
REF	18868	getCountrieById
DOC	18887	getDocumentsTrafficLicencesNumberByIdVehicle
REF	18905	getDocumentsActiveTehnicalExamsReportByIdVehicle
VEH	18924	updateCustomerVehiclesRelation
VEH	18960	ProveriRelacijaSoVozilo
VEH	18979	getVehicleCurrentOwner
VEH	19003	getVehicleLastOwner
VEH	19022	getCustomerVehiclesRelationTypeByCustomerAndVehicle
CUS	19056	ExistsRelationCustomerOnly
VEH	19078	deleteCustomerVehiclesRelation
VEH	19093	getCustomerVehiclesRelationByType
VEH	19116	getCustomerVehiclesRelationIdByCustomerAndVehicle
VEH	19150	getCustomerVehiclesRelations
VEH	19172	getCustomerVehiclesRelationById
VEH	19198	existsCustomerVehicleRelation
VEH	19222	addCustomerVehiclesRelation
REF	19265	addCommunitie
REF	19296	updateCommunitie
REF	19324	deleteCommunitie
REF	19339	getCommunities
REF	19357	getCommunitieById
REF	19376	getDocumentTypesOptionsDetailById
REF	19397	getDocumentTypesOptionsDetailByIdDocumentTypesOptions
REF	19418	getDocumentTypesOptionsDetails
REF	19438	updateDocumentTypesOptionsDetail
REF	19470	deleteDocumentTypesOptionsDetail
REF	19485	addDocumentTypesOptionsDetail
REQ	19522	addRequestVehicleOwnershipProof
REQ	19553	updateRequestVehicleOwnershipProof
REQ	19581	deleteRequest
REQ	19608	deleteRequestVehicleOwnershipProof
REQ	19621	getRequestVehicleOwnershipProofByIdRequest
REQ	19640	getRequestVehicleOwnershipProofById
REQ	19659	getRequestVehicleOwnershipProofs
REF	19677	deleteColorsDetail
REF	19692	getColorsDetailByIdColor
REF	19711	getColorsDetails
REF	19727	getColorsDetailById
REF	19746	getColorsDetailsList
REF	19766	addColorsDetail
REF	19797	updateColorsDetail
PAY	19825	updateRequestPaymentProo
PAY	19853	addRequestPaymentProo
PAY	19884	getRequestPaymentProoById
PAY	19903	getRequestPaymentProof
PAY	19921	deleteRequestPaymentProo
PAY	19934	getRequestPaymentProoByIdRequest
REF	19953	deleteColor
REF	19968	getColors
REF	19988	getColorById
REF	20009	addColor
REF	20046	updateColor
REF	20078	deleteDocumentsTehnicalExamsReportsDetail
REF	20093	addDocumentsTehnicalExamsReportsDetail
REF	20142	getDocumentsTehnicalExamsReportsDetailById
REF	20167	getDocumentsTehnicalExamsReportsDetailByIdTehnicalExamsReports
REF	20194	getDocumentsTehnicalExamsReportsDetails
REF	20218	updateDocumentsTehnicalExamsReportsDetail
REF	20258	getRegistrationIssuerById
REF	20275	getRegistrationIssuers
VEH	20289	getVehicleRegistrationByIdVehicleList
REF	20316	updateRegistrationIssuer
REF	20340	addRegistrationIssuer
VEH	20365	getVehicleRegistrationByIdList
REF	20382	deleteRegistrationIssuer
REF	20397	addCitie
REF	20431	updateCitie
REF	20461	getCitieById
REF	20481	getCities
REF	20500	deleteCitie
REF	20513	getRequestTypeByIdRequestType
REF	20543	getRequestTypes
REF	20572	deleteRequestType
REF	20587	getRequestTypeById
REF	20617	updateRequestType
REF	20667	addRequestType
PAY	20731	getCalculationItems
PAY	20750	getCalculationItemById
PAY	20770	updateCalculationItem
PAY	20800	addCalculationItem
PAY	20834	deleteCalculationItem
REQ	20849	getRequestById
REF	20879	getRequestByIdTechnicalExamReport
REQ	20909	getRequests
REF	20936	TehnicalExamPassed
REQ	20954	addRequest
REQ	21018	updateRequest
REF	21068	getBusinessTypes
REF	21085	getBusinessTypeById
REF	21103	updateBusinessType
REF	21129	addBusinessType
REF	21157	deleteBusinessType
ATT	21339	updateAttachmentType
ATT	21363	addAttachmentType
ATT	21388	getAttachmentTypeById
ATT	21405	getAttachmentTypes
ATT	21421	deleteAttachmentType
REF	21436	deleteDDVCatalo
REF	21451	getDDVCatalog
REF	21468	getDDVCataloById
REF	21486	updateDDVCatalo
REF	21512	addDDVCatalo
VEH	21587	getVehicleLastRegistration
VEH	21607	EndPreviosRegistrationsForVehicleId
VEH	21635	NumOfVehiclesRegistrationNumberExists
VEH	21649	getVehicleFirstRegistration
VEH	21695	getVahicleFirstRegistration
CUS	21793	updateCustomersContactPerson
CUS	21829	addCustomersContactPerson
CUS	21872	getCustomersContactPersons
CUS	21894	getCustomersContactPersonById
CUS	21917	getCustomersContactPersonByIdCustomer
CUS	21940	deleteCustomersContactPerson
VEH	21955	getCustomerVehiclesRelationTypesByIsCustomerOnly
VEH	21976	getCustomerVehiclesRelationTypes
VEH	21996	getCustomerVehiclesRelationTypeById
VEH	22017	updateCustomerVehiclesRelationType
VEH	22049	addCustomerVehiclesRelationType
VEH	22086	deleteCustomerVehiclesRelationType
DOC	22101	updateDocumentsTrafficLicenceSetEndDtae
REF	22120	updateDocumentTypesOption
REF	22154	addDocumentTypesOption
REF	22194	getDocumentTypesOptionByIdDocumentTypes
REF	22216	getDocumentTypesOptionById
REF	22238	getDocumentTypesOptions
REF	22259	deleteDocumentTypesOption
REF	22274	getVehicleCategories
REF	22298	getVehicleCategorieById
REF	22323	updateVehicleCategorie
REF	22363	addVehicleCategorie
REF	22412	deleteVehicleCategorie
REF	22427	deleteDocumentType
REF	22442	addDocumentType
REF	22482	updateDocumentType
REF	22516	getDocumentTypeById
REF	22538	getDocumentTypes
REF	22559	updateVehicleBrake
REF	22585	getVehicleBrakeById
REF	22603	getVehicleBrakes
REF	22620	addVehicleBrake
REF	22648	deleteVehicleBrake
REF	22663	deleteDocumentTypePrin
REF	22678	addDocumentTypePrin
REF	22703	updateDocumentTypePrin
REF	22727	getDocumentTypePrint
REF	22743	getDocumentTypePrinById
VEH	22760	getVehicleBodytypById
REF	22779	getVehicleBodytype
VEH	22797	updateVehicleBodytyp
VEH	22825	addVehicleBodytyp
VEH	22856	deleteVehicleBodytyp
DOC	22871	addDocumentsTrafficLicencesExtension
DOC	22905	deleteDocumentsTrafficLicencesExtension
DOC	22920	getDocumentsTrafficLicencesExtensions
DOC	22939	getDocumentsTrafficLicencesExtensionById
DOC	22957	getDocumentsTrafficLicencesExtensionByIdTrafficLicence
DOC	22977	updateDocumentsTrafficLicencesExtension
PAY	23007	addPaymentItemParametar
PAY	23050	deletePaymentItemParametar
PAY	23065	getPaymentItemParametarById
PAY	23086	getPaymentItemParametarByIdPaymentItem
PAY	23109	getPaymentItemParametars
PAY	23131	updatePaymentItemParametar
DOC	23167	deleteDocumentsTrafficLicence
DOC	23182	addDocumentsTrafficLicence
DOC	23222	getDocumentsTrafficLicenceById
DOC	23244	getDocumentsTrafficLicences
DOC	23265	updateDocumentsTrafficLicence
DOC	23299	NumOfTrafficLicenceExists
REF	23313	updateDocumentsTehnicalExamsReportsDetailsStatu
REF	23337	getDocumentsTehnicalExamsReportsDetailsStatus
REF	23353	getDocumentsTehnicalExamsReportsDetailsStatuById
REF	23370	addDocumentsTehnicalExamsReportsDetailsStatu
REF	23395	deleteDocumentsTehnicalExamsReportsDetailsStatu
REF	23410	addDriveingLicenceCtegorie
REF	23438	deleteDriveingLicenceCtegorie
REF	23453	updateDriveingLicenceCtegorie
REF	23479	getDriveingLicenceCtegorieById
REF	23497	getDriveingLicenceCtegories
PAY	23514	getDogovorZaRati
PAY	23535	getDogovorZaRatById
PAY	23557	updateDogovorZaRat
PAY	23591	deleteDogovorZaRat
PAY	23606	addDogovorZaRat
DOC	23820	getDocumentVehicleOwnershipProoById
DOC	23837	getDocumentVehicleOwnershipProof
DOC	23853	updateDocumentVehicleOwnershipProo
DOC	23877	deleteDocumentVehicleOwnershipProo
DOC	23892	addDocumentVehicleOwnershipProo
CUS	23917	updateCustomerFinancialStat
PAY	23962	updatePaymentDocumentsDetailFinace
REF	23982	insertFinancialStatePriceCatalogForTrafficLicences
REF	24024	insertFinancialStatePriceCatalogForTehnicalExams
REF	24077	insertFinancialStatePriceCatalogForRequests
REF	24130	insertFinancialStatePriceCatalogForPermisions
REF	24172	insertFinancialStatePriceCatalogForIternationalDriveingLicences
REF	24214	addCustomerFinancialStatFromTehnicalExam
DOC	24244	addCustomerFinancialStatFromDocument
CUS	24274	addCustomerFinancialStat
PAY	24329	addPaymentDocumentsDetailFinace
CUS	24349	getCustomerFinancialState
CUS	24374	getCustomerFinancialStatById
CUS	24400	deleteCustomerFinancialStat
CUS	24415	deleteCustomerDept
CUS	24430	getCustomerById
CUS	24468	NumOfCustomerMBExists
CUS	24482	deleteCustomer
CUS	24497	updateCustomer
CUS	24563	addCustomer
CUS	24651	getCustomers
REF	24688	deleteEngineTypeModelRelation
REF	24703	addEngineTypeModelRelation
REF	24731	getEngineTypeModelRelationById
REF	24749	getEngineTypeModelRelations
REF	24766	updateEngineTypeModelRelation
CUS	24790	getCustomersBankAccountByIdCustomer
CUS	24810	getCustomersBankAccountById
CUS	24830	getCustomersBankAccounts
CUS	24849	updateCustomersBankAccount
CUS	24879	addCustomersBankAccount
CUS	24913	deleteCustomersBankAccount
PAY	24928	deleteDocumentPaymentProo
PAY	24943	addDocumentPaymentProo
PAY	24968	updateDocumentPaymentProo
PAY	24992	getDocumentPaymentProoById
PAY	25009	getDocumentPaymentProof
DOC	25025	getDocumentsPermisionById
DOC	25052	getDocumentsPermisions
DOC	25078	addDocumentsPermision
DOC	25133	deleteDocumentsPermision
DOC	25148	updateDocumentsPermision
DOC	25195	existsPremision
PAY	25345	addPaymentItem
PAY	25376	updatePaymentItem
PAY	25404	getPaymentItems
PAY	25422	getPaymentItemById
PAY	25439	getPaymentItemByIdPymentCategory
PAY	25458	deletePaymentItem
DOC	25832	NumOfInternationLicenceExists
PAY	25846	updatePaymentDocumentsRat
PAY	25878	getPaymentDocumentsRatByIdPaymentDocument
PAY	25899	getPaymentDocumentsRata
PAY	25919	getPaymentDocumentsRatById
PAY	25940	deletePaymentDocumentsRat
PAY	25955	addPaymentDocumentsRat
REF	25992	addVehicleEnginePowerSourceType
REF	26017	deleteVehicleEnginePowerSourceType
REF	26032	updateVehicleEnginePowerSourceType
REF	26056	getVehicleEnginePowerSourceTypes
REF	26072	getVehicleEnginePowerSourceTypeById
PAY	26089	updatePaymentDocumentsDetail
PAY	26127	addPaymentDocumentsDetail
PAY	26173	deletePaymentDocumentsDetail
PAY	26188	getPaymentDocumentsDetails
PAY	26211	getPaymentDocumentsDetailById
PAY	26235	getPaymentDocumentsDetailByIdPaymentDocuments
REF	26377	updatePriceCatalog
REF	26415	addPriceCatalog
REF	26461	deletePriceCatalog
REF	26476	getPriceCatalog
REF	26499	getPriceCatalogForInernationalDriveingLicences
REF	26522	getPriceCatalogForTrafficLicences
REF	26545	getPriceCatalogForPermisionForVehicles
REF	26568	getPriceCatalogById
REF	26592	getPriceCatalogForTehnicalExams
REF	26615	getPriceCatalogForRequests
